Service Category,Intent Question
Business Continuity,What does business continuity service include?
Business Continuity,How can your business continuity plan help my company?
Business Continuity,Is your business continuity service suitable for small businesses?
Business Continuity,What are the costs of your business continuity services?
Business Continuity,Can you customize the business continuity plan for my specific needs?
Core Managed IT Service,What is included in your core managed IT service?
Core Managed IT Service,How does your managed IT service improve system reliability?
Core Managed IT Service,Are there different tiers or plans for managed IT services?
Core Managed IT Service,Can you provide 24/7 support with your IT service?
Core Managed IT Service,How do you handle IT emergencies under your managed IT service?
