"Sure, my email is abdullah dot mustafa at alventures dot co"
You can reach me at john dot doe at example dot com
Please send the details to jane dot smith at company dot com
My email is mike dot brown at workmail dot net
Contact me at alex dot johnson at corporation dot org
I can be emailed at emily dot williams at business dot com
Send the info to daniel dot miller at enterprise dot com
My email address is sophia dot davis at service dot org
Use for emails chris dot garcia at firm dot net
You can email me at linda dot martinez at professional dot com
I prefer communication through james dot rodriguez at industry dot com
Reach out to me at rachel dot white at ecommerce dot org
Please use for scheduling steven dot taylor at techcompany dot com
My direct email is olivia dot lee at digitalworld dot net
Email me the details at ethan dot thomas at virtual dot com
My best email is emma dot hernandez at web dot com
Send the invite to noah dot moore at network dot org
I use for work emails amanda dot jackson at domain dot com
Contact me at jacob dot martin at online dot net
Reach me at sarah dot thompson at cloud dot com
My email is david dot white at portal dot org
You can send it to ashley dot hall at site dot com
I'll give you my work email: michael dot walker at page dot net
Use for correspondence elizabeth dot allen at hub dot com
My email for work matters is jessica dot king at link dot org
Email me at william dot wright at connect dot com
You can reach me at susan dot lee at networks dot com
Here's my email: matthew dot perez at systems dot net
Contact me on jennifer dot taylor at technologies dot org
My email is laura dot robinson at services dot com
"Sure, my email is kevin dot clark at info dot net"
You can reach me at lucas dot scott at mail dot com
Please send the details to karen dot phillips at inbox dot net
My email is brian dot evans at post dot org
Contact me at anna dot jones at letter dot co
I can be emailed at jack dot taylor at message dot com
Send the info to claire dot brown at email dot net
My email address is sam dot wilson at send dot org
Use for emails hannah dot moore at correspondence dot co
You can email me at mason dot lee at communication dot com
I prefer communication through amelia dot martin at connect dot net
Reach out to me at dylan dot king at talk dot org
Please use for scheduling zoe dot clark at chat dot co
My direct email is max dot adams at speak dot com
Email me the details at lily dot walker at dialogue dot net
My best email is ryan dot anderson at discuss dot org
Send the invite to charlotte dot morris at converse dot co
I use for work emails nathan dot white at debate dot com
Contact me at grace dot thomas at argue dot net
Reach me at adam dot harris at express dot org
My email is sophie dot nelson at voice dot co
You can send it to benjamin dot robinson at articulate dot com
I'll give you my work email: maya dot hall at verbalize dot net
Use for correspondence leo dot thompson at enunciate dot org
My email for work matters is isabella dot mitchell at proclaim dot co
Email me at gabriel dot perez at announce dot com
You can reach me at mia dot lewis at declare dot net
Here's my email: isaac dot nguyen at reveal dot org
Contact me on olivia dot young at disclose dot co
My email is luke dot wright at impart dot com
"Sure, my email is ava dot phillips at convey dot net"
