Original Email,HHL Format Email
abdullah.mustafa@alventures.co,abdullah dot mustafa at alventures dot co
john.doe@example.com,john dot doe at example dot com
jane.smith@company.com,jane dot smith at company dot com
mike.brown@workmail.net,mike dot brown at workmail dot net
alex.johnson@corporation.org,alex dot johnson at corporation dot org
emily.williams@business.com,emily dot williams at business dot com
daniel.miller@enterprise.com,daniel dot miller at enterprise dot com
sophia.davis@service.org,sophia dot davis at service dot org
chris.garcia@firm.net,chris dot garcia at firm dot net
linda.martinez@professional.com,linda dot martinez at professional dot com
james.rodriguez@industry.com,james dot rodriguez at industry dot com
rachel.white@ecommerce.org,rachel dot white at ecommerce dot org
steven.taylor@techcompany.com,steven dot taylor at techcompany dot com
olivia.lee@digitalworld.net,olivia dot lee at digitalworld dot net
ethan.thomas@virtual.com,ethan dot thomas at virtual dot com
emma.hernandez@web.com,emma dot hernandez at web dot com
noah.moore@network.org,noah dot moore at network dot org
amanda.jackson@domain.com,amanda dot jackson at domain dot com
jacob.martin@online.net,jacob dot martin at online dot net
sarah.thompson@cloud.com,sarah dot thompson at cloud dot com
david.white@portal.org,david dot white at portal dot org
ashley.hall@site.com,ashley dot hall at site dot com
michael.walker@page.net,michael dot walker at page dot net
elizabeth.allen@hub.com,elizabeth dot allen at hub dot com
jessica.king@link.org,jessica dot king at link dot org
william.wright@connect.com,william dot wright at connect dot com
susan.lee@networks.com,susan dot lee at networks dot com
matthew.perez@systems.net,matthew dot perez at systems dot net
jennifer.taylor@technologies.org,jennifer dot taylor at technologies dot org
laura.robinson@services.com,laura dot robinson at services dot com
kevin.clark@info.net,kevin dot clark at info dot net
lucas.scott@mail.com,lucas dot scott at mail dot com
karen.phillips@inbox.net,karen dot phillips at inbox dot net
brian.evans@post.org,brian dot evans at post dot org
anna.jones@letter.co,anna dot jones at letter dot co
jack.taylor@message.com,jack dot taylor at message dot com
claire.brown@email.net,claire dot brown at email dot net
sam.wilson@send.org,sam dot wilson at send dot org
hannah.moore@correspondence.co,hannah dot moore at correspondence dot co
mason.lee@communication.com,mason dot lee at communication dot com
amelia.martin@connect.net,amelia dot martin at connect dot net
dylan.king@talk.org,dylan dot king at talk dot org
zoe.clark@chat.co,zoe dot clark at chat dot co
max.adams@speak.com,max dot adams at speak dot com
lily.walker@dialogue.net,lily dot walker at dialogue dot net
ryan.anderson@discuss.org,ryan dot anderson at discuss dot org
charlotte.morris@converse.co,charlotte dot morris at converse dot co
nathan.white@debate.com,nathan dot white at debate dot com
grace.thomas@argue.net,grace dot thomas at argue dot net
adam.harris@express.org,adam dot harris at express dot org
sophie.nelson@voice.co,sophie dot nelson at voice dot co
benjamin.robinson@articulate.com,benjamin dot robinson at articulate dot com
maya.hall@verbalize.net,maya dot hall at verbalize dot net
leo.thompson@enunciate.org,leo dot thompson at enunciate dot org
isabella.mitchell@proclaim.co,isabella dot mitchell at proclaim dot co
gabriel.perez@announce.com,gabriel dot perez at announce dot com
mia.lewis@declare.net,mia dot lewis at declare dot net
isaac.nguyen@reveal.org,isaac dot nguyen at reveal dot org
olivia.young@disclose.co,olivia dot young at disclose dot co
luke.wright@impart.com,luke dot wright at impart dot com
ava.phillips@convey.net,ava dot phillips at convey dot net
