"Sure, my email is john.doe@example.com"
You can reach me at jane.smith@company.com
Please send the details to mike.brown@workmail.net
My email is alex.johnson@corporation.org
Contact me at emily.williams@business.com
I can be emailed at daniel.miller@enterprise.com
Send the info to sophia.davis@service.org
My email address is chris.garcia@firm.net
Use linda.martinez@professional.com for emails
You can email me at james.rodriguez@industry.com
I prefer communication through rachel.white@ecommerce.org
Reach out to me at steven.taylor@techcompany.com
Please use olivia.lee@digitalworld.net for scheduling
My direct email is ethan.thomas@virtual.com
Email me the details at emma.hernandez@web.com
My best email is noah.moore@network.org
Send the invite to amanda.jackson@domain.com
I use jacob.martin@online.net for work emails
Contact me at sarah.thompson@cloud.com
Reach me at david.white@portal.org
My email is ashley.hall@site.com
You can send it to michael.walker@page.net
I'll give you my work email: elizabeth.allen@hub.com
Use jessica.king@link.org for correspondence
My email for work matters is william.wright@connect.com
Email me at susan.lee@networks.com
You can reach me at matthew.perez@systems.net
Here's my email: jennifer.taylor@technologies.org
Contact me on laura.robinson@services.com
My email is kevin.clark@info.net
